Model,Accuracy Train,Precision Train,Recall Train,F1 Train,Accuracy Validation,Precision Validation,Recall Validation,F1 Validation,Accuracy Test,Precision Test,Recall Test,F1 Test
MobileNetV2,0.9777777777777776,0.9876543209876544,0.963855421686747,0.975609756097561,0.9111111111111112,0.9615384615384616,0.8928571428571429,0.925925925925926,0.75,0.875,0.5833333333333334,0.7
VGG16,0.9555555555555556,0.9411764705882352,0.963855421686747,0.9523809523809524,0.9333333333333332,1.0,0.8928571428571429,0.9433962264150944,0.75,1.0,0.5,0.6666666666666666
ResNet50,0.9833333333333332,0.9878048780487804,0.9759036144578314,0.9818181818181818,0.9555555555555556,0.9642857142857143,0.9642857142857143,0.9642857142857143,0.7708333333333334,0.9333333333333332,0.5833333333333334,0.717948717948718
OurModel,0.9888888888888888,0.9879518072289156,0.9879518072289156,0.9879518072289156,0.9777777777777776,1.0,0.9642857142857144,0.9818181818181818,0.9375,0.9565217391304348,0.9166666666666666,0.9361702127659576
