Model,Accuracy Training,Precision Training,Recall Training,F1-Score Training,Accuracy Validation,Precision Validation,Recall Validation,F1-Score Validation,Accuracy Test,Precision Test,Recall Test,F1-Score Test
MobileNetV2,0.9888888888888888,0.976470588235294,1.0,0.988095238095238,0.9333333333333332,0.9629629629629628,0.9285714285714286,0.9454545454545454,0.75,0.9285714285714286,0.5416666666666666,0.6842105263157895
VGG16,1.0,1.0,1.0,1.0,0.9555555555555556,0.9642857142857144,0.9642857142857144,0.9642857142857144,0.7291666666666666,0.7391304347826086,0.7083333333333334,0.723404255319149
ResNet50,1.0,1.0,1.0,1.0,0.9555555555555556,1.0,0.9285714285714286,0.9629629629629628,0.6875,0.7647058823529411,0.5416666666666666,0.6341463414634146
OurModel,0.9888888888888888,0.9879518072289156,0.9879518072289156,0.9879518072289156,0.9777777777777776,1.0,0.9642857142857144,0.9818181818181818,0.9375,0.9565217391304348,0.9166666666666666,0.9361702127659576
